"","plus2name","plus2manuf","plus2price"
"1",빙그레)닥터캡슐밀크씨슬130ML,빙그레,2,500원
"2",동아)데미소다레몬캔250ML,동아,1,200원
"3",동아)데미소다애플캔250ML,동아,1,200원
"4",동아)데미소다청포도캔250ML,동아,1,200원
"5",유어스)포레스트500ML,유어스,1,700원
"6",HK)르블렌자몽히비스커스500ML,HK,2,500원
"7",HK)르블렌피치캐모마일500ML,HK,2,500원
"8",동아)오란씨파인비타민C350ML,동아,1,400원
"9",빙그레)닥터캡슐밀크씨슬130ML,빙그레,2,500원
"10",동아)데미소다레몬캔250ML,동아,1,200원
"11",동아)데미소다애플캔250ML,동아,1,200원
"12",동아)데미소다청포도캔250ML,동아,1,200원
"13",유어스)포레스트500ML,유어스,1,700원
"14",HK)르블렌자몽히비스커스500ML,HK,2,500원
"15",HK)르블렌피치캐모마일500ML,HK,2,500원
"16",동아)오란씨파인비타민C350ML,동아,1,400원
"17",빙그레)닥터캡슐밀크씨슬130ML,빙그레,2,500원
"18",동아)데미소다레몬캔250ML,동아,1,200원
"19",동아)데미소다애플캔250ML,동아,1,200원
"20",동아)데미소다청포도캔250ML,동아,1,200원
"21",유어스)포레스트500ML,유어스,1,700원
"22",HK)르블렌자몽히비스커스500ML,HK,2,500원
"23",HK)르블렌피치캐모마일500ML,HK,2,500원
"24",동아)오란씨파인비타민C350ML,동아,1,400원
"25",빙그레)닥터캡슐밀크씨슬130ML,빙그레,2,500원
"26",동아)데미소다레몬캔250ML,동아,1,200원
"27",동아)데미소다애플캔250ML,동아,1,200원
"28",동아)데미소다청포도캔250ML,동아,1,200원
"29",유어스)포레스트500ML,유어스,1,700원
"30",HK)르블렌자몽히비스커스500ML,HK,2,500원
"31",HK)르블렌피치캐모마일500ML,HK,2,500원
"32",동아)오란씨파인비타민C350ML,동아,1,400원
"33",빙그레)닥터캡슐밀크씨슬130ML,빙그레,2,500원
"34",동아)데미소다레몬캔250ML,동아,1,200원
"35",동아)데미소다애플캔250ML,동아,1,200원
"36",동아)데미소다청포도캔250ML,동아,1,200원
"37",유어스)포레스트500ML,유어스,1,700원
"38",HK)르블렌자몽히비스커스500ML,HK,2,500원
"39",HK)르블렌피치캐모마일500ML,HK,2,500원
"40",동아)오란씨파인비타민C350ML,동아,1,400원
"41",빙그레)닥터캡슐밀크씨슬130ML,빙그레,2,500원
"42",동아)데미소다레몬캔250ML,동아,1,200원
"43",동아)데미소다애플캔250ML,동아,1,200원
"44",동아)데미소다청포도캔250ML,동아,1,200원
"45",유어스)포레스트500ML,유어스,1,700원
"46",HK)르블렌자몽히비스커스500ML,HK,2,500원
"47",HK)르블렌피치캐모마일500ML,HK,2,500원
"48",동아)오란씨파인비타민C350ML,동아,1,400원
"49",빙그레)닥터캡슐밀크씨슬130ML,빙그레,2,500원
"50",동아)데미소다레몬캔250ML,동아,1,200원
"51",동아)데미소다애플캔250ML,동아,1,200원
"52",동아)데미소다청포도캔250ML,동아,1,200원
"53",유어스)포레스트500ML,유어스,1,700원
"54",HK)르블렌자몽히비스커스500ML,HK,2,500원
"55",HK)르블렌피치캐모마일500ML,HK,2,500원
"56",동아)오란씨파인비타민C350ML,동아,1,400원
"57",빙그레)닥터캡슐밀크씨슬130ML,빙그레,2,500원
"58",동아)데미소다레몬캔250ML,동아,1,200원
"59",동아)데미소다애플캔250ML,동아,1,200원
"60",동아)데미소다청포도캔250ML,동아,1,200원
"61",유어스)포레스트500ML,유어스,1,700원
"62",HK)르블렌자몽히비스커스500ML,HK,2,500원
"63",HK)르블렌피치캐모마일500ML,HK,2,500원
"64",동아)오란씨파인비타민C350ML,동아,1,400원
"65",빙그레)닥터캡슐밀크씨슬130ML,빙그레,2,500원
"66",동아)데미소다레몬캔250ML,동아,1,200원
"67",동아)데미소다애플캔250ML,동아,1,200원
"68",동아)데미소다청포도캔250ML,동아,1,200원
"69",유어스)포레스트500ML,유어스,1,700원
"70",HK)르블렌자몽히비스커스500ML,HK,2,500원
"71",HK)르블렌피치캐모마일500ML,HK,2,500원
"72",동아)오란씨파인비타민C350ML,동아,1,400원
"73",빙그레)닥터캡슐밀크씨슬130ML,빙그레,2,500원
"74",동아)데미소다레몬캔250ML,동아,1,200원
"75",동아)데미소다애플캔250ML,동아,1,200원
"76",동아)데미소다청포도캔250ML,동아,1,200원
"77",유어스)포레스트500ML,유어스,1,700원
"78",HK)르블렌자몽히비스커스500ML,HK,2,500원
"79",HK)르블렌피치캐모마일500ML,HK,2,500원
"80",동아)오란씨파인비타민C350ML,동아,1,400원
"81",빙그레)닥터캡슐밀크씨슬130ML,빙그레,2,500원
"82",동아)데미소다레몬캔250ML,동아,1,200원
"83",동아)데미소다애플캔250ML,동아,1,200원
"84",동아)데미소다청포도캔250ML,동아,1,200원
"85",유어스)포레스트500ML,유어스,1,700원
"86",HK)르블렌자몽히비스커스500ML,HK,2,500원
"87",HK)르블렌피치캐모마일500ML,HK,2,500원
"88",동아)오란씨파인비타민C350ML,동아,1,400원
"89",빙그레)닥터캡슐밀크씨슬130ML,빙그레,2,500원
"90",동아)데미소다레몬캔250ML,동아,1,200원
"91",동아)데미소다애플캔250ML,동아,1,200원
"92",동아)데미소다청포도캔250ML,동아,1,200원
"93",유어스)포레스트500ML,유어스,1,700원
"94",HK)르블렌자몽히비스커스500ML,HK,2,500원
"95",HK)르블렌피치캐모마일500ML,HK,2,500원
"96",동아)오란씨파인비타민C350ML,동아,1,400원
"97",빙그레)닥터캡슐밀크씨슬130ML,빙그레,2,500원
"98",동아)데미소다레몬캔250ML,동아,1,200원
"99",동아)데미소다애플캔250ML,동아,1,200원
"100",동아)데미소다청포도캔250ML,동아,1,200원
"101",유어스)포레스트500ML,유어스,1,700원
"102",HK)르블렌자몽히비스커스500ML,HK,2,500원
"103",HK)르블렌피치캐모마일500ML,HK,2,500원
"104",동아)오란씨파인비타민C350ML,동아,1,400원
"105",빙그레)닥터캡슐밀크씨슬130ML,빙그레,2,500원
"106",동아)데미소다레몬캔250ML,동아,1,200원
"107",동아)데미소다애플캔250ML,동아,1,200원
"108",동아)데미소다청포도캔250ML,동아,1,200원
"109",유어스)포레스트500ML,유어스,1,700원
"110",HK)르블렌자몽히비스커스500ML,HK,2,500원
"111",HK)르블렌피치캐모마일500ML,HK,2,500원
"112",동아)오란씨파인비타민C350ML,동아,1,400원
"113",빙그레)닥터캡슐밀크씨슬130ML,빙그레,2,500원
"114",동아)데미소다레몬캔250ML,동아,1,200원
"115",동아)데미소다애플캔250ML,동아,1,200원
"116",동아)데미소다청포도캔250ML,동아,1,200원
"117",유어스)포레스트500ML,유어스,1,700원
"118",HK)르블렌자몽히비스커스500ML,HK,2,500원
"119",HK)르블렌피치캐모마일500ML,HK,2,500원
"120",동아)오란씨파인비타민C350ML,동아,1,400원
"121",빙그레)닥터캡슐밀크씨슬130ML,빙그레,2,500원
"122",동아)데미소다레몬캔250ML,동아,1,200원
"123",동아)데미소다애플캔250ML,동아,1,200원
"124",동아)데미소다청포도캔250ML,동아,1,200원
"125",유어스)포레스트500ML,유어스,1,700원
"126",HK)르블렌자몽히비스커스500ML,HK,2,500원
"127",HK)르블렌피치캐모마일500ML,HK,2,500원
"128",동아)오란씨파인비타민C350ML,동아,1,400원
"129",빙그레)닥터캡슐밀크씨슬130ML,빙그레,2,500원
"130",동아)데미소다레몬캔250ML,동아,1,200원
"131",동아)데미소다애플캔250ML,동아,1,200원
"132",동아)데미소다청포도캔250ML,동아,1,200원
"133",유어스)포레스트500ML,유어스,1,700원
"134",HK)르블렌자몽히비스커스500ML,HK,2,500원
"135",HK)르블렌피치캐모마일500ML,HK,2,500원
"136",동아)오란씨파인비타민C350ML,동아,1,400원
"137",빙그레)닥터캡슐밀크씨슬130ML,빙그레,2,500원
"138",동아)데미소다레몬캔250ML,동아,1,200원
"139",동아)데미소다애플캔250ML,동아,1,200원
"140",동아)데미소다청포도캔250ML,동아,1,200원
"141",유어스)포레스트500ML,유어스,1,700원
"142",HK)르블렌자몽히비스커스500ML,HK,2,500원
"143",HK)르블렌피치캐모마일500ML,HK,2,500원
"144",동아)오란씨파인비타민C350ML,동아,1,400원
"145",빙그레)닥터캡슐밀크씨슬130ML,빙그레,2,500원
"146",동아)데미소다레몬캔250ML,동아,1,200원
"147",동아)데미소다애플캔250ML,동아,1,200원
"148",동아)데미소다청포도캔250ML,동아,1,200원
"149",유어스)포레스트500ML,유어스,1,700원
"150",HK)르블렌자몽히비스커스500ML,HK,2,500원
"151",HK)르블렌피치캐모마일500ML,HK,2,500원
"152",동아)오란씨파인비타민C350ML,동아,1,400원
"153",빙그레)닥터캡슐밀크씨슬130ML,빙그레,2,500원
"154",동아)데미소다레몬캔250ML,동아,1,200원
"155",동아)데미소다애플캔250ML,동아,1,200원
"156",동아)데미소다청포도캔250ML,동아,1,200원
"157",유어스)포레스트500ML,유어스,1,700원
"158",HK)르블렌자몽히비스커스500ML,HK,2,500원
"159",HK)르블렌피치캐모마일500ML,HK,2,500원
"160",동아)오란씨파인비타민C350ML,동아,1,400원
"161",빙그레)닥터캡슐밀크씨슬130ML,빙그레,2,500원
"162",동아)데미소다레몬캔250ML,동아,1,200원
"163",동아)데미소다애플캔250ML,동아,1,200원
"164",동아)데미소다청포도캔250ML,동아,1,200원
"165",유어스)포레스트500ML,유어스,1,700원
"166",HK)르블렌자몽히비스커스500ML,HK,2,500원
"167",HK)르블렌피치캐모마일500ML,HK,2,500원
"168",동아)오란씨파인비타민C350ML,동아,1,400원
"169",빙그레)닥터캡슐밀크씨슬130ML,빙그레,2,500원
"170",동아)데미소다레몬캔250ML,동아,1,200원
"171",동아)데미소다애플캔250ML,동아,1,200원
"172",동아)데미소다청포도캔250ML,동아,1,200원
"173",유어스)포레스트500ML,유어스,1,700원
"174",HK)르블렌자몽히비스커스500ML,HK,2,500원
"175",HK)르블렌피치캐모마일500ML,HK,2,500원
"176",동아)오란씨파인비타민C350ML,동아,1,400원
"177",빙그레)닥터캡슐밀크씨슬130ML,빙그레,2,500원
"178",동아)데미소다레몬캔250ML,동아,1,200원
"179",동아)데미소다애플캔250ML,동아,1,200원
"180",동아)데미소다청포도캔250ML,동아,1,200원
"181",유어스)포레스트500ML,유어스,1,700원
"182",HK)르블렌자몽히비스커스500ML,HK,2,500원
"183",HK)르블렌피치캐모마일500ML,HK,2,500원
"184",동아)오란씨파인비타민C350ML,동아,1,400원
"185",빙그레)닥터캡슐밀크씨슬130ML,빙그레,2,500원
"186",동아)데미소다레몬캔250ML,동아,1,200원
"187",동아)데미소다애플캔250ML,동아,1,200원
"188",동아)데미소다청포도캔250ML,동아,1,200원
"189",유어스)포레스트500ML,유어스,1,700원
"190",HK)르블렌자몽히비스커스500ML,HK,2,500원
"191",HK)르블렌피치캐모마일500ML,HK,2,500원
"192",동아)오란씨파인비타민C350ML,동아,1,400원
"193",빙그레)닥터캡슐밀크씨슬130ML,빙그레,2,500원
"194",동아)데미소다레몬캔250ML,동아,1,200원
"195",동아)데미소다애플캔250ML,동아,1,200원
"196",동아)데미소다청포도캔250ML,동아,1,200원
"197",유어스)포레스트500ML,유어스,1,700원
"198",HK)르블렌자몽히비스커스500ML,HK,2,500원
"199",HK)르블렌피치캐모마일500ML,HK,2,500원
"200",동아)오란씨파인비타민C350ML,동아,1,400원
"201",빙그레)닥터캡슐밀크씨슬130ML,빙그레,2,500원
"202",동아)데미소다레몬캔250ML,동아,1,200원
"203",동아)데미소다애플캔250ML,동아,1,200원
"204",동아)데미소다청포도캔250ML,동아,1,200원
"205",유어스)포레스트500ML,유어스,1,700원
"206",HK)르블렌자몽히비스커스500ML,HK,2,500원
"207",HK)르블렌피치캐모마일500ML,HK,2,500원
"208",동아)오란씨파인비타민C350ML,동아,1,400원
"209",빙그레)닥터캡슐밀크씨슬130ML,빙그레,2,500원
"210",동아)데미소다레몬캔250ML,동아,1,200원
"211",동아)데미소다애플캔250ML,동아,1,200원
"212",동아)데미소다청포도캔250ML,동아,1,200원
"213",유어스)포레스트500ML,유어스,1,700원
"214",HK)르블렌자몽히비스커스500ML,HK,2,500원
"215",HK)르블렌피치캐모마일500ML,HK,2,500원
"216",동아)오란씨파인비타민C350ML,동아,1,400원
"217",빙그레)닥터캡슐밀크씨슬130ML,빙그레,2,500원
"218",동아)데미소다레몬캔250ML,동아,1,200원
"219",동아)데미소다애플캔250ML,동아,1,200원
"220",동아)데미소다청포도캔250ML,동아,1,200원
"221",유어스)포레스트500ML,유어스,1,700원
"222",HK)르블렌자몽히비스커스500ML,HK,2,500원
"223",HK)르블렌피치캐모마일500ML,HK,2,500원
"224",동아)오란씨파인비타민C350ML,동아,1,400원
"225",빙그레)닥터캡슐밀크씨슬130ML,빙그레,2,500원
"226",동아)데미소다레몬캔250ML,동아,1,200원
"227",동아)데미소다애플캔250ML,동아,1,200원
"228",동아)데미소다청포도캔250ML,동아,1,200원
"229",유어스)포레스트500ML,유어스,1,700원
"230",HK)르블렌자몽히비스커스500ML,HK,2,500원
"231",HK)르블렌피치캐모마일500ML,HK,2,500원
"232",동아)오란씨파인비타민C350ML,동아,1,400원
"233",빙그레)닥터캡슐밀크씨슬130ML,빙그레,2,500원
"234",동아)데미소다레몬캔250ML,동아,1,200원
"235",동아)데미소다애플캔250ML,동아,1,200원
"236",동아)데미소다청포도캔250ML,동아,1,200원
"237",유어스)포레스트500ML,유어스,1,700원
"238",HK)르블렌자몽히비스커스500ML,HK,2,500원
"239",HK)르블렌피치캐모마일500ML,HK,2,500원
"240",동아)오란씨파인비타민C350ML,동아,1,400원
"241",빙그레)닥터캡슐밀크씨슬130ML,빙그레,2,500원
"242",동아)데미소다레몬캔250ML,동아,1,200원
"243",동아)데미소다애플캔250ML,동아,1,200원
"244",동아)데미소다청포도캔250ML,동아,1,200원
"245",유어스)포레스트500ML,유어스,1,700원
"246",HK)르블렌자몽히비스커스500ML,HK,2,500원
"247",HK)르블렌피치캐모마일500ML,HK,2,500원
"248",동아)오란씨파인비타민C350ML,동아,1,400원
"249",빙그레)닥터캡슐밀크씨슬130ML,빙그레,2,500원
"250",동아)데미소다레몬캔250ML,동아,1,200원
"251",동아)데미소다애플캔250ML,동아,1,200원
"252",동아)데미소다청포도캔250ML,동아,1,200원
"253",유어스)포레스트500ML,유어스,1,700원
"254",HK)르블렌자몽히비스커스500ML,HK,2,500원
"255",HK)르블렌피치캐모마일500ML,HK,2,500원
"256",동아)오란씨파인비타민C350ML,동아,1,400원
"257",빙그레)닥터캡슐밀크씨슬130ML,빙그레,2,500원
"258",동아)데미소다레몬캔250ML,동아,1,200원
"259",동아)데미소다애플캔250ML,동아,1,200원
"260",동아)데미소다청포도캔250ML,동아,1,200원
"261",유어스)포레스트500ML,유어스,1,700원
"262",HK)르블렌자몽히비스커스500ML,HK,2,500원
"263",HK)르블렌피치캐모마일500ML,HK,2,500원
"264",동아)오란씨파인비타민C350ML,동아,1,400원
"265",빙그레)닥터캡슐밀크씨슬130ML,빙그레,2,500원
"266",동아)데미소다레몬캔250ML,동아,1,200원
"267",동아)데미소다애플캔250ML,동아,1,200원
"268",동아)데미소다청포도캔250ML,동아,1,200원
"269",유어스)포레스트500ML,유어스,1,700원
"270",HK)르블렌자몽히비스커스500ML,HK,2,500원
"271",HK)르블렌피치캐모마일500ML,HK,2,500원
"272",동아)오란씨파인비타민C350ML,동아,1,400원
"273",빙그레)닥터캡슐밀크씨슬130ML,빙그레,2,500원
"274",동아)데미소다레몬캔250ML,동아,1,200원
"275",동아)데미소다애플캔250ML,동아,1,200원
"276",동아)데미소다청포도캔250ML,동아,1,200원
"277",유어스)포레스트500ML,유어스,1,700원
"278",HK)르블렌자몽히비스커스500ML,HK,2,500원
"279",HK)르블렌피치캐모마일500ML,HK,2,500원
"280",동아)오란씨파인비타민C350ML,동아,1,400원
"281",빙그레)닥터캡슐밀크씨슬130ML,빙그레,2,500원
"282",동아)데미소다레몬캔250ML,동아,1,200원
"283",동아)데미소다애플캔250ML,동아,1,200원
"284",동아)데미소다청포도캔250ML,동아,1,200원
"285",유어스)포레스트500ML,유어스,1,700원
"286",HK)르블렌자몽히비스커스500ML,HK,2,500원
"287",HK)르블렌피치캐모마일500ML,HK,2,500원
"288",동아)오란씨파인비타민C350ML,동아,1,400원
"289",빙그레)닥터캡슐밀크씨슬130ML,빙그레,2,500원
"290",동아)데미소다레몬캔250ML,동아,1,200원
"291",동아)데미소다애플캔250ML,동아,1,200원
"292",동아)데미소다청포도캔250ML,동아,1,200원
"293",유어스)포레스트500ML,유어스,1,700원
"294",HK)르블렌자몽히비스커스500ML,HK,2,500원
"295",HK)르블렌피치캐모마일500ML,HK,2,500원
"296",동아)오란씨파인비타민C350ML,동아,1,400원
"297",빙그레)닥터캡슐밀크씨슬130ML,빙그레,2,500원
"298",동아)데미소다레몬캔250ML,동아,1,200원
"299",동아)데미소다애플캔250ML,동아,1,200원
"300",동아)데미소다청포도캔250ML,동아,1,200원
"301",유어스)포레스트500ML,유어스,1,700원
"302",HK)르블렌자몽히비스커스500ML,HK,2,500원
"303",HK)르블렌피치캐모마일500ML,HK,2,500원
"304",동아)오란씨파인비타민C350ML,동아,1,400원
"305",빙그레)닥터캡슐밀크씨슬130ML,빙그레,2,500원
"306",동아)데미소다레몬캔250ML,동아,1,200원
"307",동아)데미소다애플캔250ML,동아,1,200원
"308",동아)데미소다청포도캔250ML,동아,1,200원
"309",유어스)포레스트500ML,유어스,1,700원
"310",HK)르블렌자몽히비스커스500ML,HK,2,500원
"311",HK)르블렌피치캐모마일500ML,HK,2,500원
"312",동아)오란씨파인비타민C350ML,동아,1,400원
"313",빙그레)닥터캡슐밀크씨슬130ML,빙그레,2,500원
"314",동아)데미소다레몬캔250ML,동아,1,200원
"315",동아)데미소다애플캔250ML,동아,1,200원
"316",동아)데미소다청포도캔250ML,동아,1,200원
"317",유어스)포레스트500ML,유어스,1,700원
"318",HK)르블렌자몽히비스커스500ML,HK,2,500원
"319",HK)르블렌피치캐모마일500ML,HK,2,500원
"320",동아)오란씨파인비타민C350ML,동아,1,400원
"321",빙그레)닥터캡슐밀크씨슬130ML,빙그레,2,500원
"322",동아)데미소다레몬캔250ML,동아,1,200원
"323",동아)데미소다애플캔250ML,동아,1,200원
"324",동아)데미소다청포도캔250ML,동아,1,200원
"325",유어스)포레스트500ML,유어스,1,700원
"326",HK)르블렌자몽히비스커스500ML,HK,2,500원
"327",HK)르블렌피치캐모마일500ML,HK,2,500원
"328",동아)오란씨파인비타민C350ML,동아,1,400원
"329",빙그레)닥터캡슐밀크씨슬130ML,빙그레,2,500원
"330",동아)데미소다레몬캔250ML,동아,1,200원
"331",동아)데미소다애플캔250ML,동아,1,200원
"332",동아)데미소다청포도캔250ML,동아,1,200원
"333",유어스)포레스트500ML,유어스,1,700원
"334",HK)르블렌자몽히비스커스500ML,HK,2,500원
"335",HK)르블렌피치캐모마일500ML,HK,2,500원
"336",동아)오란씨파인비타민C350ML,동아,1,400원
"337",빙그레)닥터캡슐밀크씨슬130ML,빙그레,2,500원
"338",동아)데미소다레몬캔250ML,동아,1,200원
"339",동아)데미소다애플캔250ML,동아,1,200원
"340",동아)데미소다청포도캔250ML,동아,1,200원
"341",유어스)포레스트500ML,유어스,1,700원
"342",HK)르블렌자몽히비스커스500ML,HK,2,500원
"343",HK)르블렌피치캐모마일500ML,HK,2,500원
"344",동아)오란씨파인비타민C350ML,동아,1,400원
"345",빙그레)닥터캡슐밀크씨슬130ML,빙그레,2,500원
"346",동아)데미소다레몬캔250ML,동아,1,200원
"347",동아)데미소다애플캔250ML,동아,1,200원
"348",동아)데미소다청포도캔250ML,동아,1,200원
"349",유어스)포레스트500ML,유어스,1,700원
"350",HK)르블렌자몽히비스커스500ML,HK,2,500원
"351",HK)르블렌피치캐모마일500ML,HK,2,500원
"352",동아)오란씨파인비타민C350ML,동아,1,400원
"353",빙그레)닥터캡슐밀크씨슬130ML,빙그레,2,500원
"354",동아)데미소다레몬캔250ML,동아,1,200원
"355",동아)데미소다애플캔250ML,동아,1,200원
"356",동아)데미소다청포도캔250ML,동아,1,200원
"357",유어스)포레스트500ML,유어스,1,700원
"358",HK)르블렌자몽히비스커스500ML,HK,2,500원
"359",HK)르블렌피치캐모마일500ML,HK,2,500원
"360",동아)오란씨파인비타민C350ML,동아,1,400원
"361",빙그레)닥터캡슐밀크씨슬130ML,빙그레,2,500원
"362",동아)데미소다레몬캔250ML,동아,1,200원
"363",동아)데미소다애플캔250ML,동아,1,200원
"364",동아)데미소다청포도캔250ML,동아,1,200원
"365",유어스)포레스트500ML,유어스,1,700원
"366",HK)르블렌자몽히비스커스500ML,HK,2,500원
"367",HK)르블렌피치캐모마일500ML,HK,2,500원
"368",동아)오란씨파인비타민C350ML,동아,1,400원
"369",빙그레)닥터캡슐밀크씨슬130ML,빙그레,2,500원
"370",동아)데미소다레몬캔250ML,동아,1,200원
"371",동아)데미소다애플캔250ML,동아,1,200원
"372",동아)데미소다청포도캔250ML,동아,1,200원
"373",유어스)포레스트500ML,유어스,1,700원
"374",HK)르블렌자몽히비스커스500ML,HK,2,500원
"375",HK)르블렌피치캐모마일500ML,HK,2,500원
"376",동아)오란씨파인비타민C350ML,동아,1,400원
"377",빙그레)닥터캡슐밀크씨슬130ML,빙그레,2,500원
"378",동아)데미소다레몬캔250ML,동아,1,200원
"379",동아)데미소다애플캔250ML,동아,1,200원
"380",동아)데미소다청포도캔250ML,동아,1,200원
"381",유어스)포레스트500ML,유어스,1,700원
"382",HK)르블렌자몽히비스커스500ML,HK,2,500원
"383",HK)르블렌피치캐모마일500ML,HK,2,500원
"384",동아)오란씨파인비타민C350ML,동아,1,400원
"385",빙그레)닥터캡슐밀크씨슬130ML,빙그레,2,500원
"386",동아)데미소다레몬캔250ML,동아,1,200원
"387",동아)데미소다애플캔250ML,동아,1,200원
"388",동아)데미소다청포도캔250ML,동아,1,200원
"389",유어스)포레스트500ML,유어스,1,700원
"390",HK)르블렌자몽히비스커스500ML,HK,2,500원
"391",HK)르블렌피치캐모마일500ML,HK,2,500원
"392",동아)오란씨파인비타민C350ML,동아,1,400원
"393",빙그레)닥터캡슐밀크씨슬130ML,빙그레,2,500원
"394",동아)데미소다레몬캔250ML,동아,1,200원
"395",동아)데미소다애플캔250ML,동아,1,200원
"396",동아)데미소다청포도캔250ML,동아,1,200원
"397",유어스)포레스트500ML,유어스,1,700원
"398",HK)르블렌자몽히비스커스500ML,HK,2,500원
"399",HK)르블렌피치캐모마일500ML,HK,2,500원
"400",동아)오란씨파인비타민C350ML,동아,1,400원
"401",빙그레)닥터캡슐밀크씨슬130ML,빙그레,2,500원
"402",동아)데미소다레몬캔250ML,동아,1,200원
"403",동아)데미소다애플캔250ML,동아,1,200원
"404",동아)데미소다청포도캔250ML,동아,1,200원
"405",유어스)포레스트500ML,유어스,1,700원
"406",HK)르블렌자몽히비스커스500ML,HK,2,500원
"407",HK)르블렌피치캐모마일500ML,HK,2,500원
"408",동아)오란씨파인비타민C350ML,동아,1,400원
"409",빙그레)닥터캡슐밀크씨슬130ML,빙그레,2,500원
"410",동아)데미소다레몬캔250ML,동아,1,200원
"411",동아)데미소다애플캔250ML,동아,1,200원
"412",동아)데미소다청포도캔250ML,동아,1,200원
"413",유어스)포레스트500ML,유어스,1,700원
"414",HK)르블렌자몽히비스커스500ML,HK,2,500원
"415",HK)르블렌피치캐모마일500ML,HK,2,500원
"416",동아)오란씨파인비타민C350ML,동아,1,400원
"417",빙그레)닥터캡슐밀크씨슬130ML,빙그레,2,500원
"418",동아)데미소다레몬캔250ML,동아,1,200원
"419",동아)데미소다애플캔250ML,동아,1,200원
"420",동아)데미소다청포도캔250ML,동아,1,200원
"421",유어스)포레스트500ML,유어스,1,700원
"422",HK)르블렌자몽히비스커스500ML,HK,2,500원
"423",HK)르블렌피치캐모마일500ML,HK,2,500원
"424",동아)오란씨파인비타민C350ML,동아,1,400원
"425",빙그레)닥터캡슐밀크씨슬130ML,빙그레,2,500원
"426",동아)데미소다레몬캔250ML,동아,1,200원
"427",동아)데미소다애플캔250ML,동아,1,200원
"428",동아)데미소다청포도캔250ML,동아,1,200원
"429",유어스)포레스트500ML,유어스,1,700원
"430",HK)르블렌자몽히비스커스500ML,HK,2,500원
"431",HK)르블렌피치캐모마일500ML,HK,2,500원
"432",동아)오란씨파인비타민C350ML,동아,1,400원
"433",빙그레)닥터캡슐밀크씨슬130ML,빙그레,2,500원
"434",동아)데미소다레몬캔250ML,동아,1,200원
"435",동아)데미소다애플캔250ML,동아,1,200원
"436",동아)데미소다청포도캔250ML,동아,1,200원
"437",유어스)포레스트500ML,유어스,1,700원
"438",HK)르블렌자몽히비스커스500ML,HK,2,500원
"439",HK)르블렌피치캐모마일500ML,HK,2,500원
"440",동아)오란씨파인비타민C350ML,동아,1,400원
"441",빙그레)닥터캡슐밀크씨슬130ML,빙그레,2,500원
"442",동아)데미소다레몬캔250ML,동아,1,200원
"443",동아)데미소다애플캔250ML,동아,1,200원
"444",동아)데미소다청포도캔250ML,동아,1,200원
"445",유어스)포레스트500ML,유어스,1,700원
"446",HK)르블렌자몽히비스커스500ML,HK,2,500원
"447",HK)르블렌피치캐모마일500ML,HK,2,500원
"448",동아)오란씨파인비타민C350ML,동아,1,400원
"449",빙그레)닥터캡슐밀크씨슬130ML,빙그레,2,500원
"450",동아)데미소다레몬캔250ML,동아,1,200원
"451",동아)데미소다애플캔250ML,동아,1,200원
"452",동아)데미소다청포도캔250ML,동아,1,200원
"453",유어스)포레스트500ML,유어스,1,700원
"454",HK)르블렌자몽히비스커스500ML,HK,2,500원
"455",HK)르블렌피치캐모마일500ML,HK,2,500원
"456",동아)오란씨파인비타민C350ML,동아,1,400원
"457",빙그레)닥터캡슐밀크씨슬130ML,빙그레,2,500원
"458",동아)데미소다레몬캔250ML,동아,1,200원
"459",동아)데미소다애플캔250ML,동아,1,200원
"460",동아)데미소다청포도캔250ML,동아,1,200원
"461",유어스)포레스트500ML,유어스,1,700원
"462",HK)르블렌자몽히비스커스500ML,HK,2,500원
"463",HK)르블렌피치캐모마일500ML,HK,2,500원
"464",동아)오란씨파인비타민C350ML,동아,1,400원
"465",빙그레)닥터캡슐밀크씨슬130ML,빙그레,2,500원
"466",동아)데미소다레몬캔250ML,동아,1,200원
"467",동아)데미소다애플캔250ML,동아,1,200원
"468",동아)데미소다청포도캔250ML,동아,1,200원
"469",유어스)포레스트500ML,유어스,1,700원
"470",HK)르블렌자몽히비스커스500ML,HK,2,500원
"471",HK)르블렌피치캐모마일500ML,HK,2,500원
"472",동아)오란씨파인비타민C350ML,동아,1,400원
"473",빙그레)닥터캡슐밀크씨슬130ML,빙그레,2,500원
"474",동아)데미소다레몬캔250ML,동아,1,200원
"475",동아)데미소다애플캔250ML,동아,1,200원
"476",동아)데미소다청포도캔250ML,동아,1,200원
"477",유어스)포레스트500ML,유어스,1,700원
"478",HK)르블렌자몽히비스커스500ML,HK,2,500원
"479",HK)르블렌피치캐모마일500ML,HK,2,500원
"480",동아)오란씨파인비타민C350ML,동아,1,400원
"481",빙그레)닥터캡슐밀크씨슬130ML,빙그레,2,500원
"482",동아)데미소다레몬캔250ML,동아,1,200원
"483",동아)데미소다애플캔250ML,동아,1,200원
"484",동아)데미소다청포도캔250ML,동아,1,200원
"485",유어스)포레스트500ML,유어스,1,700원
"486",HK)르블렌자몽히비스커스500ML,HK,2,500원
"487",HK)르블렌피치캐모마일500ML,HK,2,500원
"488",동아)오란씨파인비타민C350ML,동아,1,400원
"489",빙그레)닥터캡슐밀크씨슬130ML,빙그레,2,500원
"490",동아)데미소다레몬캔250ML,동아,1,200원
"491",동아)데미소다애플캔250ML,동아,1,200원
"492",동아)데미소다청포도캔250ML,동아,1,200원
"493",유어스)포레스트500ML,유어스,1,700원
"494",HK)르블렌자몽히비스커스500ML,HK,2,500원
"495",HK)르블렌피치캐모마일500ML,HK,2,500원
"496",동아)오란씨파인비타민C350ML,동아,1,400원
"497",빙그레)닥터캡슐밀크씨슬130ML,빙그레,2,500원
"498",동아)데미소다레몬캔250ML,동아,1,200원
"499",동아)데미소다애플캔250ML,동아,1,200원
"500",동아)데미소다청포도캔250ML,동아,1,200원
"501",유어스)포레스트500ML,유어스,1,700원
"502",HK)르블렌자몽히비스커스500ML,HK,2,500원
"503",HK)르블렌피치캐모마일500ML,HK,2,500원
"504",동아)오란씨파인비타민C350ML,동아,1,400원
"505",빙그레)닥터캡슐밀크씨슬130ML,빙그레,2,500원
"506",동아)데미소다레몬캔250ML,동아,1,200원
"507",동아)데미소다애플캔250ML,동아,1,200원
"508",동아)데미소다청포도캔250ML,동아,1,200원
"509",유어스)포레스트500ML,유어스,1,700원
"510",HK)르블렌자몽히비스커스500ML,HK,2,500원
"511",HK)르블렌피치캐모마일500ML,HK,2,500원
"512",동아)오란씨파인비타민C350ML,동아,1,400원
"513",빙그레)닥터캡슐밀크씨슬130ML,빙그레,2,500원
"514",동아)데미소다레몬캔250ML,동아,1,200원
"515",동아)데미소다애플캔250ML,동아,1,200원
"516",동아)데미소다청포도캔250ML,동아,1,200원
"517",유어스)포레스트500ML,유어스,1,700원
"518",HK)르블렌자몽히비스커스500ML,HK,2,500원
"519",HK)르블렌피치캐모마일500ML,HK,2,500원
"520",동아)오란씨파인비타민C350ML,동아,1,400원
"521",빙그레)닥터캡슐밀크씨슬130ML,빙그레,2,500원
"522",동아)데미소다레몬캔250ML,동아,1,200원
"523",동아)데미소다애플캔250ML,동아,1,200원
"524",동아)데미소다청포도캔250ML,동아,1,200원
"525",유어스)포레스트500ML,유어스,1,700원
"526",HK)르블렌자몽히비스커스500ML,HK,2,500원
"527",HK)르블렌피치캐모마일500ML,HK,2,500원
"528",동아)오란씨파인비타민C350ML,동아,1,400원
"529",빙그레)닥터캡슐밀크씨슬130ML,빙그레,2,500원
"530",동아)데미소다레몬캔250ML,동아,1,200원
"531",동아)데미소다애플캔250ML,동아,1,200원
"532",동아)데미소다청포도캔250ML,동아,1,200원
"533",유어스)포레스트500ML,유어스,1,700원
"534",HK)르블렌자몽히비스커스500ML,HK,2,500원
"535",HK)르블렌피치캐모마일500ML,HK,2,500원
"536",동아)오란씨파인비타민C350ML,동아,1,400원
"537",빙그레)닥터캡슐밀크씨슬130ML,빙그레,2,500원
"538",동아)데미소다레몬캔250ML,동아,1,200원
"539",동아)데미소다애플캔250ML,동아,1,200원
"540",동아)데미소다청포도캔250ML,동아,1,200원
"541",유어스)포레스트500ML,유어스,1,700원
"542",HK)르블렌자몽히비스커스500ML,HK,2,500원
"543",HK)르블렌피치캐모마일500ML,HK,2,500원
"544",동아)오란씨파인비타민C350ML,동아,1,400원
"545",빙그레)닥터캡슐밀크씨슬130ML,빙그레,2,500원
"546",동아)데미소다레몬캔250ML,동아,1,200원
"547",동아)데미소다애플캔250ML,동아,1,200원
"548",동아)데미소다청포도캔250ML,동아,1,200원
"549",유어스)포레스트500ML,유어스,1,700원
"550",HK)르블렌자몽히비스커스500ML,HK,2,500원
"551",HK)르블렌피치캐모마일500ML,HK,2,500원
"552",동아)오란씨파인비타민C350ML,동아,1,400원
"553",빙그레)닥터캡슐밀크씨슬130ML,빙그레,2,500원
"554",동아)데미소다레몬캔250ML,동아,1,200원
"555",동아)데미소다애플캔250ML,동아,1,200원
"556",동아)데미소다청포도캔250ML,동아,1,200원
"557",유어스)포레스트500ML,유어스,1,700원
"558",HK)르블렌자몽히비스커스500ML,HK,2,500원
"559",HK)르블렌피치캐모마일500ML,HK,2,500원
"560",동아)오란씨파인비타민C350ML,동아,1,400원
"561",빙그레)닥터캡슐밀크씨슬130ML,빙그레,2,500원
"562",동아)데미소다레몬캔250ML,동아,1,200원
"563",동아)데미소다애플캔250ML,동아,1,200원
"564",동아)데미소다청포도캔250ML,동아,1,200원
"565",유어스)포레스트500ML,유어스,1,700원
"566",HK)르블렌자몽히비스커스500ML,HK,2,500원
"567",HK)르블렌피치캐모마일500ML,HK,2,500원
"568",동아)오란씨파인비타민C350ML,동아,1,400원
"569",빙그레)닥터캡슐밀크씨슬130ML,빙그레,2,500원
"570",동아)데미소다레몬캔250ML,동아,1,200원
"571",동아)데미소다애플캔250ML,동아,1,200원
"572",동아)데미소다청포도캔250ML,동아,1,200원
"573",유어스)포레스트500ML,유어스,1,700원
"574",HK)르블렌자몽히비스커스500ML,HK,2,500원
"575",HK)르블렌피치캐모마일500ML,HK,2,500원
"576",동아)오란씨파인비타민C350ML,동아,1,400원
"577",빙그레)닥터캡슐밀크씨슬130ML,빙그레,2,500원
"578",동아)데미소다레몬캔250ML,동아,1,200원
"579",동아)데미소다애플캔250ML,동아,1,200원
"580",동아)데미소다청포도캔250ML,동아,1,200원
"581",유어스)포레스트500ML,유어스,1,700원
"582",HK)르블렌자몽히비스커스500ML,HK,2,500원
"583",HK)르블렌피치캐모마일500ML,HK,2,500원
"584",동아)오란씨파인비타민C350ML,동아,1,400원
"585",빙그레)닥터캡슐밀크씨슬130ML,빙그레,2,500원
"586",동아)데미소다레몬캔250ML,동아,1,200원
"587",동아)데미소다애플캔250ML,동아,1,200원
"588",동아)데미소다청포도캔250ML,동아,1,200원
"589",유어스)포레스트500ML,유어스,1,700원
"590",HK)르블렌자몽히비스커스500ML,HK,2,500원
"591",HK)르블렌피치캐모마일500ML,HK,2,500원
"592",동아)오란씨파인비타민C350ML,동아,1,400원
"593",빙그레)닥터캡슐밀크씨슬130ML,빙그레,2,500원
"594",동아)데미소다레몬캔250ML,동아,1,200원
"595",동아)데미소다애플캔250ML,동아,1,200원
"596",동아)데미소다청포도캔250ML,동아,1,200원
"597",유어스)포레스트500ML,유어스,1,700원
"598",HK)르블렌자몽히비스커스500ML,HK,2,500원
"599",HK)르블렌피치캐모마일500ML,HK,2,500원
"600",동아)오란씨파인비타민C350ML,동아,1,400원
"601",빙그레)닥터캡슐밀크씨슬130ML,빙그레,2,500원
"602",동아)데미소다레몬캔250ML,동아,1,200원
"603",동아)데미소다애플캔250ML,동아,1,200원
"604",동아)데미소다청포도캔250ML,동아,1,200원
"605",유어스)포레스트500ML,유어스,1,700원
"606",HK)르블렌자몽히비스커스500ML,HK,2,500원
"607",HK)르블렌피치캐모마일500ML,HK,2,500원
"608",동아)오란씨파인비타민C350ML,동아,1,400원
"609",빙그레)닥터캡슐밀크씨슬130ML,빙그레,2,500원
"610",동아)데미소다레몬캔250ML,동아,1,200원
"611",동아)데미소다애플캔250ML,동아,1,200원
"612",동아)데미소다청포도캔250ML,동아,1,200원
"613",유어스)포레스트500ML,유어스,1,700원
"614",HK)르블렌자몽히비스커스500ML,HK,2,500원
"615",HK)르블렌피치캐모마일500ML,HK,2,500원
"616",동아)오란씨파인비타민C350ML,동아,1,400원
"617",빙그레)닥터캡슐밀크씨슬130ML,빙그레,2,500원
"618",동아)데미소다레몬캔250ML,동아,1,200원
"619",동아)데미소다애플캔250ML,동아,1,200원
"620",동아)데미소다청포도캔250ML,동아,1,200원
"621",유어스)포레스트500ML,유어스,1,700원
"622",HK)르블렌자몽히비스커스500ML,HK,2,500원
"623",HK)르블렌피치캐모마일500ML,HK,2,500원
"624",동아)오란씨파인비타민C350ML,동아,1,400원
"625",빙그레)닥터캡슐밀크씨슬130ML,빙그레,2,500원
"626",동아)데미소다레몬캔250ML,동아,1,200원
"627",동아)데미소다애플캔250ML,동아,1,200원
"628",동아)데미소다청포도캔250ML,동아,1,200원
"629",유어스)포레스트500ML,유어스,1,700원
"630",HK)르블렌자몽히비스커스500ML,HK,2,500원
"631",HK)르블렌피치캐모마일500ML,HK,2,500원
"632",동아)오란씨파인비타민C350ML,동아,1,400원
"633",빙그레)닥터캡슐밀크씨슬130ML,빙그레,2,500원
"634",동아)데미소다레몬캔250ML,동아,1,200원
"635",동아)데미소다애플캔250ML,동아,1,200원
"636",동아)데미소다청포도캔250ML,동아,1,200원
"637",유어스)포레스트500ML,유어스,1,700원
"638",HK)르블렌자몽히비스커스500ML,HK,2,500원
"639",HK)르블렌피치캐모마일500ML,HK,2,500원
"640",동아)오란씨파인비타민C350ML,동아,1,400원
"641",빙그레)닥터캡슐밀크씨슬130ML,빙그레,2,500원
"642",동아)데미소다레몬캔250ML,동아,1,200원
"643",동아)데미소다애플캔250ML,동아,1,200원
"644",동아)데미소다청포도캔250ML,동아,1,200원
"645",유어스)포레스트500ML,유어스,1,700원
"646",HK)르블렌자몽히비스커스500ML,HK,2,500원
"647",HK)르블렌피치캐모마일500ML,HK,2,500원
"648",동아)오란씨파인비타민C350ML,동아,1,400원
"649",빙그레)닥터캡슐밀크씨슬130ML,빙그레,2,500원
"650",동아)데미소다레몬캔250ML,동아,1,200원
"651",동아)데미소다애플캔250ML,동아,1,200원
"652",동아)데미소다청포도캔250ML,동아,1,200원
"653",유어스)포레스트500ML,유어스,1,700원
"654",HK)르블렌자몽히비스커스500ML,HK,2,500원
"655",HK)르블렌피치캐모마일500ML,HK,2,500원
"656",동아)오란씨파인비타민C350ML,동아,1,400원
"657",빙그레)닥터캡슐밀크씨슬130ML,빙그레,2,500원
"658",동아)데미소다레몬캔250ML,동아,1,200원
"659",동아)데미소다애플캔250ML,동아,1,200원
"660",동아)데미소다청포도캔250ML,동아,1,200원
"661",유어스)포레스트500ML,유어스,1,700원
"662",HK)르블렌자몽히비스커스500ML,HK,2,500원
"663",HK)르블렌피치캐모마일500ML,HK,2,500원
"664",동아)오란씨파인비타민C350ML,동아,1,400원
"665",빙그레)닥터캡슐밀크씨슬130ML,빙그레,2,500원
"666",동아)데미소다레몬캔250ML,동아,1,200원
"667",동아)데미소다애플캔250ML,동아,1,200원
"668",동아)데미소다청포도캔250ML,동아,1,200원
"669",유어스)포레스트500ML,유어스,1,700원
"670",HK)르블렌자몽히비스커스500ML,HK,2,500원
"671",HK)르블렌피치캐모마일500ML,HK,2,500원
"672",동아)오란씨파인비타민C350ML,동아,1,400원
