.,Freq
¿ÀÈÄ,675
Oliver,446
Babe,443
Haley,411
¿ÀÀü,175
button,169
src,165
margin,163
auto,153
color,153
img,143
size,143
align,136
li,131
   ,126
12,125
grid,122
weet,120
border,116
function,113
nav,105
item,103
com,99
href,95
images,90
css,88
left,88
10,83
padding,83
type,79
family,78
codepen,77
script,77
if,74
title,74
VARCHAR260,72
11,71
link,71
none,71
resources,71
flex,70
btn,69
display,69
File,69
top,69
span,67
www,67
background,66
rel,65
content,64
100,63
50,63
bottom,62
io,62
individual,61
var,60
header,59
modal,59
pen,59
iframe,58
main,58
2020,57
alt,57
position,57
float,55
black,54
Math,54
id,53
stylesheet,53
transition,53
10px,52
msg,52
null,52
ul,52
1q80fmcropentropycstinysrgbw400fitmaxixideyJhcHBfaWQiOjE0NTg5fQ,51
all,51
ixlib,51
rb,51
stylewidth285px,51
unsplash,51
vo,51
decoration,50
data,49
do,49
eq,49
html,49
Phot,49
return,49
js,48
youtube,48
  ,45
5px,45
solid,45
TABLE,45
lilly,44
min,44
public,44
relative,44
20px,43
java,43
5,42
2px,42
body,42
30,41
bootstrap,41
plan,40
poemChars,40
value,40
container,38
import,38
random,38
video,38
block,37
radius,37
gauth,36
scroll,36
toggle,36
ADD,35
justify,35
styles,35
window,35
55,34
image,34
meta,34
1px,33
get,33
poem,33
UTF,33
01s,32
ALTER,32
disturb,32
stack,32
this,31
column,30
page,30
section,30
when,30
54,29
console,29
head,29
items,29
NUMBER,29
photo,29
round,29
14,28
52,28
56,28
box,28
let,28
log,28
transparent,28
wrap,28
315,27
58,27
Emoticon,27
hover,27
href0,27
String,27
51,26
59,26
25,25
bootstrapcdn,25
charset,25
the,25
15,24
16,24
440,24
ajax,24
ArrayList,24
fa,24
FROM,24
inline,24
jquery,24
pbar,24
pexels,24
SELECT,24
test,24
util,24
      ,23
13,23
57,22
absolute,22
columns,22
ctx,22
http,22
inner,22
name,22
right,22
tooltiptext,22
»çÁø,22
0px,21
37,21
in,21
logo,21
maxcdn,21
scale,21
VIDEOINF,21
webkit,21
255,20
CREATE,20
delayIntervalId,20
length,20
mav,20
private,20
rgba,20
set,20
signOut,20
stylemarginbottom50pxiframediv,20
stylewidth80px,20
void,20
zi,20
     ,19
action,19
article,19
icon,19
kyong,19
signout,19
to,19
your,19
3rem,18
50px,18
bold,18
checkLoginStatus,18
const,18
else,18
init,18
line,18
CUSTOMERINFO,17
customlist,17
direction,17
down,17
ease,17
face,17
ModelAndView,17
you,17
41,16
80px,16
active,16
callbackEnd,16
callbackStart,16
chars,16
comembed6Cp4UejhrM,16
COMMIT,16
then,16
TRUE,16
WeetVideoVO,16
       ,15
0,15
4,15
8,15
17,15
20,15
39,15
animate,15
br,15
choose,15
opacity,15
svg,15
¿Àºü,15
6,14
180px,14
24,14
35,14
47,14
awesome,14
char,14
child,14
fixed,14
int,14
jpeg,14
libs,14
mobile,14
onclick,14
org,14
siteNav,14
stick,14
stylemargintop10pxmarginbottom0px,14
youtubeWrap,14
15px,13
bezier,13
cubic,13
Menu,13
panel,13
rgb,13
rgba222,13
sessionCustom,13
transform,13
viewport,13
         ,12
29,12
4px,12
area,12
autorepeat,12
gap,12
Navigation,12
poet,12
processStack,12
requestScope,12
reversecounter,12
row,12
task,12
28,11
31,11
32,11
36,11
3px,11
aside,11
customvo,11
fff,11
fonts,11
h1,11
italic,11
Main,11
or,11
so,11
success,11
VIDEOINFO,11
¤»¤»¤»¤»¤»,11
200px,10
23,10
25px,10
26,10
445,10
49,10
53,10
95,10
autocompresscstinysrgbdpr2h650w940,10
byul,10
comembed5gaInOuEp74,10
contentType,10
count,10
cursive,10
CUSTOMERKINDOFLOGIN,10
dialog,10
doc,10
dropZone,10
googleapis,10
gunna,10
hw,10
index,10
language,10
make,10
moz,10
new,10
pageEncoding,10
siteWrapper,10
sizing,10
springframework,10
thumbsup,10
tooltip,10
videobestplace,10
videostar,10
weeT,10
±×·¡ÇÁ,10
¿µ»ó,10
¿Å°Üº¸¼¼¿äspan,10
ÆÄÀÏ,10
ÇÒ¼öÀÌµû,10
1,9
9,9
45px,9
60,9
70,9
addEventListener,9
aria,9
blue,9
CUSTOMERINFOSEQ,9
dao,9
end,9
failure,9
FALSE,9
files,9
google,9
jsp,9
Logi,9
logout,9
marginbottom50px,9
marginleft30px,9
margintop10px,9
nth,9
oliver,9
on,9
pointer,9
thumbsupvo,9
Us,9
VARCHAR,9
vertical,9
videokindofweather2,9
videonumberofbudget,9
videonumberofcourse,9
videounitofcurrency,9
yoo,9
3,8
12px,8
250,8
2980B9,8
34,8
450,8
46,8
460,8
500ms,8
669644,8
6em,8
88,8
940,8
anim,8
around,8
backdrop,8
baseSize,8
between,8
blur3px,8
canvas,8
CATEGORYINFO,8
charLen,8
clearIntervaltimer,8
clearlist,8
clearTimeout,8
comembedsVWueF7A0,8
coral,8
core,8
cursor,8
CUSTOMERINF,8
delay,8
delayInterval,8
desktop,8
far,8
grayscale,8
green,8
height45px,8
hrefchannelimg,8
innerHTML,8
into,8
jstl,8
label,8
loginBtn,8
Logout,8
marginleft100px,8
marginleft30pxiframe,8
marginleft30pximg,8
ORDERLISTINFO,8
placeholder,8
prefix,8
prepareText,8
progress,8
remDr,8
repeatDelaySec,8
requestAnimationFrame,8
rgbab31f73,8
rndSize,8
scrip,8
sec,8
SEQUENCE,8
show,8
Sign,8
signIn,8
starter,8
styleColor,8
styleFontSize,8
styleFontVariation,8
styleFontWeight,8
stylemargintop15pxmarginbottom5px,8
stylewidth95px,8
sun,8
taglib,8
thumbs,8
timer,8
translate0px5px,8
typeof,8
undefined,8
Up,8
upload,8
uri,8
urls,8
videokindofexplain,8
Wee,8
¿ù¿äÀÏ,8
Á¤º¸,8
È­¿äÀÏ,8
          ,7
33,7
5em,7
7em,7
braydoncoyer,7
buttonWrapper,7
BY,7
change,7
click,7
co,7
desktopnav,7
elem,7
empty,7
getVideogoodcount,7
hidden,7
hreflogin,7
hrefweetresourcesimagesfavicon16x16,7
insert,7
local,7
marginleft10px,7
marginright450px,7
margintop20px,7
media,7
method,7
my,7
naver,7
of,7
paddingleft30px,7
platform,7
profile,7
removeClass,7
RequestMapping,7
RequestMethod,7
searchinput,7
serachsection,7
sessionScope,7
SignU,7
sizes16x16,7
social,7
srcweetresourcesimagesweeTsignuplogo,7
WeetCustomerInfoVO,7
welcomesheet,7
Your,7
±İ¿äÀÏ,7
¸ñ¿äÀÏ,7
¼ö¿äÀÏ,7
½Ã°£,7
¾÷·Îµå,7
¿©Çà,7
¤Ğ¤Ğ,7
16px,6
20pxcolor333ispan,6
20pxcolorwhiteispan,6
222,6
275px,6
555,6
80,6
8px,6
90,6
900,6
9em,6
addClass,6
allow,6
allowfullscreen,6
annotation,6
autoplay,6
backgroundcoloreee,6
bars,6
base,6
border1px,6
clearfix,6
comphoto1544568100847a948585b9,6
control,6
cr,6
CUSTOMERID,6
CUSTOMERNAME,6
CUSTOMERPHONE,6
CUSTOMERPWD,6
description,6
drop,6
flow,6
frameborder,6
gapi,6
GET,6
group,6
h5,6
happy,6
im,6
INCREMENT,6
isELIgnored,6
jasoseol,6
loginModal,6
Logo,6
love,6
marginleft30pxiframediv,6
much,6
nameTxt,6
newText,6
no,6
picture,6
player,6
pre,6
preventDefault,6
println,6
ready,6
role,6
select,6
sessionCustom´Ônbsp,6
setInterval,6
Small,6
star,6
stylemarginright22pxAbout,6
stylemarginright22pxJourney,6
System,6
table,6
tag,6
thumbsdown,6
thumbsdownvo,6
today,6
VARCHAR220,6
videogoodcount,6
We,6
web,6
WeeT,6
WeetCategoryVO,6
WeetOrderlistVO,6
width100px,6
yoosngj,6
´Ù¾ç,6
·Î±×ÀÎ,6
ºñµğ¿À,6
À¯¿ë,6
Á¤·Ä,6
Á¦Ç°,6
ÄÁÅÙÃ÷¸¦,6
Åä¿äÀÏ,6
¤¾¤¾¤¾,6
6699,5
027s,5
120px,5
2000,5
22,5
25em,5
580,5
7px,5
addObject,5
afford,5
after,5
and,5
Are,5
autoplay1mute1,5
baby,5
ball,5
best,5
bind,5
can,5
cat,5
Caveat,5
comphoto15045954036599088ce801e29,5
comphoto1507146426996ef05306b995a,5
comphoto1510771463146e89e6e86560e,5
comphoto1517423440428a5a00ad493e8,5
comphoto151871775853685ae29035b6d,5
comphoto1530281700549e82e7bf110d6,5
comphoto15359308917760c2dfb7fda1a,5
comphoto154819997303cce0bbc87b,5
comphoto155205383171594a27632d,5
complete,5
CUSTOMERSEQID,5
Dis,5
FFF,5
finish,5
fren,5
friend,5
from,5
getVideobadcount,5
helping,5
house,5
hrefaboutInstagramali,5
hrefhome,5
hrefhomeAbout,5
hrefinstagram,5
hrefjourney,5
is,5
kr,5
marginbottom20px,5
marginbottom40px,5
margintop23px,5
margintop50px,5
Marker,5
max,5
mobilenav,5
mommy,5
mon,5
nugs,5
overflow,5
paddingleft20px,5
Permanent,5
ppt,5
protected,5
quickly,5
recruit,5
rose,5
sans,5
see,5
serif,5
setViewName,5
Share,5
shortcut,5
signinCheck,5
srcurledu210R,5
stylemarginleft180px,5
stylewidth200px,5
stylewidth50px,5
submit,5
successSignin,5
that,5
those,5
throw,5
travel,5
Treasure,5
using,5
values,5
VARCHAR2200,5
videoaddress,5
videobadcount,5
videocity,5
videocountry,5
videocustomerid,5
videodate,5
videodays,5
videoid,5
videokindofweather,5
videokindofwith,5
videoname,5
videoviewcount,5
watchPage,5
weetlogo,5
welcome,5
welcomephoto,5
You,5
µÎµå·¯±â,5
µî·Ï,5
¸éÁ¢,5
»ç¶÷,5
»ç¿ë,5
½Ç½À,5
¿ì¸®,5
¿ì¿õ,5
ÀÏ¹İ,5
Á¶½É,5
Á¶½ÉÈ÷¿Í,5
¤»¤»¤»,5
¤¾¤¾,5
ÇÏ³ª,5
ÇØ¼­,5
        ,4
           ,4
500300,4
98,4
0positionrelative,4
180,4
1s,4
21,4
2341282,4
255255255,4
27,4
2816904,4
3029352,4
3048516,4
3048524,4
3402955,4
3498DB,4
37px,4
65px,4
700,4
81px,4
82BF56,4
85,4
alter,4
animation,4
auth2,4
autoplay1loop1title0byline0portrait0,4
backgroundfff,4
bg,4
borderradius20px,4
buttons,4
CASL,4
CATEGORYNAME,4
cdnjs,4
clickSeoul,4
close,4
cloudflare,4
comembedufKxOlS3f50,4
cs,4
current,4
CUSTOMERADDR,4
CUSTOMERDATE,4
CUSTOMEREMAIL,4
customerid,4
customername,4
CUSTOMERNICKNAME,4
CUSTOMERRANK,4
DAT,4
dataTransfer,4
DATE,4
delimiter,4
desc,4
DESC,4
dev,4
edu,4
engineer,4
EUC,4
extreme,4
fas,4
fieldset,4
footer,4
forEach,4
github,4
Google,4
googleAuth,4
gray,4
hasClass,4
height25px,4
height450px,4
height50px,4
hrefweetresourcesimagesweeTfaviconlogo,4
infinite,4
infoArr,4
inputtext,4
ital,4
join,4
kdbkapsere,4
keyframes,4
KR,4
last,4
letter,4
list,4
Make,4
marginleft50px,4
marginright150px,4
maximum,4
mCSB3container,4
minimum,4
MONO,4
multi,4
neew,4
NUMBE,4
onload,4
opened,4
pbarEl,4
placement,4
Plan,4
postion,4
posx,4
posy,4
push,4
querySelector,4
querySelectorAll,4
querySelectorpoem,4
rem,4
runcountdownpbar,4
runcountdownpbarEl,4
scalable,4
secondary,4
selectbox,4
selectKey,4
Set,4
setTimeout,4
settings,4
share,4
shift,4
signinsheet,4
sleep,4
slnt,4
slow,4
small,4
split,4
srcweetresourcesimagesbtngooglelightnormalios,4
stackpath,4
stylefontsize15pxcolor333nbsp1spana,4
stylefontsize15pxcolorwhitenbsp1spana,4
stylemarginleft50px,4
stylemargintop45pxmarginright30pxUploada,4
stylewidth250px,4
successsSignin,4
Sys,4
Th1,4
time,4
Trip,4
up,4
use,4
user,4
VARCHAR2150,4
variation,4
watch,4
WatchDAO,4
watchsheet,4
WebSit,4
what,4
whe,4
width80px,4
wrapper,4
±¹°¡,4
²ËÂ÷°Ô,4
´ÙÀ½,4
µå·Ó´Ù¿î,4
·Î±×,4
¸ÅÀå,4
¸ğ¹ÙÀÏ¿¡¼­,4
¹èÄ¡,4
ºñ¹Ğ,4
¼¼·Î,4
¼ÒÇÁÆ®¿ş¾î,4
¾ÆÀÌ,4
¿©¹Ì,4
¿µ¿ª,4
ÀÏ¿äÀÏ,4
ÀÚ¸®,4
ÀüÃ¼,4
Ãß°¡,4
ÅÂ±×,4
ÆĞÅ°Áö,4
¤¾¤¾¤¾¤¾,4
È¨ÆäÀÌÁö,4
03s,3
05rem,3
08em,3
0rem,3
100px,3
1030px,3
°¡·Î,3
°¡¿îµ¥,3
°³¹ß,3
°¹¼ö,3
°Ë»ö,3
±Ùµ¥,3
´ÙÇà,3
µµ½Ã,3
µµÂø,3
¸¶°¨,3
¹è¿­,3
¹øÈ£,3
ºĞ¾ß,3
ºÒ°¡´É,3
»ç¶÷µé,3
»çÀÌÁî,3
»èÁ¦ÇÒÄÃ·³¸í,3
¾î¶²°Å,3
¿¹ºñ,3
¿Ï¼º,3
¿ÏÀü,3
¿ìÃø,3
¿îµ¿,3
ÀÏÄ¡,3
ÀÚ¼Ò,3
Àü¿ª,3
ÀüÈ­,3
Á¦¸ñ,3
Á¦ÇÑ,3
Áö¿ø,3
Áø·á,3
Áú¹®,3
Ã¢¾÷,3
ÆÄÀÌ,3
software,2
some,2
spotex,2
spring,2
srcweetresourcesimagesHawaii2,2
standalone,2
Starter,2
statement,2
stereotype,2
strokeStyle,2
strong,2
studios,2
stylefloatrightmarginright30pxfontsize30px,2
stylefontsize15pxcolor333nbsp°øÀ¯spana,2
stylefontsize15pxcolorwhitenbsp°øÀ¯spana,2
stylemargin40px,2
stylemarginleft30pxfontsize15px,2
stylemargintop150px,2
stylemargintop30pxAbout,2
stylemargintop30pxmarginleft10pxInstagrama,2
stylemargintop30pxmarginleft10pxJourneya,2
stylewidth16pxnbspnbsp1a,2
stylewidth200pxa,2
stylewidth65px,2
stylewidth65pxheight25pxfontsize0,2
stylewidth95marginleft30px,2
SVG,2
sVgsFovFYrFYLBaLxWKxWCwWi8VisVgsFovFYrFYLBaLxWKxWCwWi8VisVgsFovFYrFYLBaLxWK,2
tablefiledataproductclick,2
team,2
thursday,2
toDataURL,2
toggl,2
tokyo,2
universal,2
unlist,2
usa,2
USERSEQUENCES,2
VALUES,2
VARCHAR23999,2
vastrideside,2
version,2
videoinf,2
viewThumbsUp,2
visibility,2
vlogs,2
Voice,2
walking,2
WatchController,2
WCwWi8VisVgsFovFYrFYLBaLxWKxWCwWi8VisVgsFovFYrFYLBaLxWKxWCwWi8VisVgsFovFYrF,2
Welcome,2
WEST,2
with,2
withgoogle,2
xlink,2
xml,2
xmlns,2
xtrp,2
yLymWq,2
zYYZor,2
°¡´É,2
°£µ¥¤Ğ,2
°­»ç,2
°³¼³,2
°³¿ù,2
°úÀÚ,2
°ü·Ã,2
±â¹İ,2
±âº»,2
±â»ç,2
³»ÀÏ,2
´©±¸,2
´É·Â,2
´ÙÇàÀÌ´Ù¤Ğ,2
´ë¹Ú,2
µ¥ÀÌÅÍ,2
µå·Ó,2
¸®½º,2
¸Ş¸ğ¸®,2
¸ŞÀÎ,2
¹®Á¦,2
¹°¾îº¸,2
¹Ùµ¥¸®°¡,2
¹İÇ°,2
º¯¼ö,2
º¸¾È,2
ºÎºĞ,2
ºÎÁ·,2
ºñ¿ë,2
»ç°¢,2
»ç¾÷°èÈ¹¼­,2
»ï¼º,2
»ó¹İ±â,2
¼­·ù,2
¼­¿ï,2
¼±ÅÃ,2
¼ºÁø¿Àºü,2
½ºÅÍµğ,2
½ºÆ¼Ä¡,2
½ÃÀÛ,2
½ÃÇè,2
½ÍÀº°Å,2
¾Ë°Ú¿À,2
¿¤¸®º£ÀÌÅÍ,2
¿ª»ï,2
¿µ¼öÁõ,2
¿¹Á¦,2
¿À´Ã,2
¿Â¶óÀÎ,2
ÍÄÉ,2
¿ä°ÅÆ®,2
¿ì¿õ¤¾¤¾,2
À¯¼º,2
À½·á,2
ÀÌ¹ø,2
ÀÎÁõ,2
ÀÖ¿À,2
ÀÖÀ»°Ô,2
ÀßÇÏ±¸¿Í,2
Àç¹Õ°Ô,2
ÀúÀå,2
Á¤¸®,2
Á¤º¸Ã³¸®,2
Á¤»ó,2
Á¶°Ç,2
Á¾¼ö,2
Áö¿ª,2
ÁøÂ¥,2
ÂüÁ¶,2
ÃßÃâ,2
Ä¡·á,2
¤»¤»¤»¤»,2
¤»¤»¤»¤»¿õ,2
Ä®¶ó´Â,2
ÄÚµå,2
ÄÚµù,2
ÄíÆù,2
Å¬¸¯,2
Å×ÀÌºí,2
Æ÷Æ®Æú¸®,2
ÇÁ·ĞÆ®,2
ÇÇºÎ,2
ÇÇºÎ°ú,2
ÇÇÄÚÅ©,2
ÇÏ±¸,2
ÇÒ°Å,2
ÇØ´ç,2
È®ÀÎ,2
È¯ÀÚ,2
¤Ğ¤Ğ¤Ğ¤Ğ,2
15Ãş¿¡¼­¤©,1
°¡±¸ÀÖ,1
°¡·Á±¸,1
°¡¸¥º´¿ø¿Ô¿À¤Ğ,1
°¡¸é,1
°¡º¼·Á°í,1
°¡¾ß°Ú³×¤¾,1
°¡Àö,1
°¡Á®°¨¤µ¾î,1
°¡Á®¿Â°Å,1
°¡Á®¿Ã°Ô¤Ğ,1
°¡Á®¿Ô,1
°¡Áö,1
°£Áö·¯¿î°Å,1
°­³²,1
°­µ¿±¸´Â,1
°­¾ÆÁö,1
°³¹ßÀÚ»ó¹İ±â¿¡,1
°ÆÁ¤Çß¾î¤Ğ,1
°Ç°­°ü¸®,1
°Ç¹°,1
°É¾ï,1
°Ë»ç,1
°á°ú,1
°áÁ¤ÇÒ·Á°ø,1
°áÁ¦,1
°æ¿ì,1
°æÀï,1
°æÃµ¾Ö,1
°æÇè,1
°è¼÷,1
°èÁ¤,1
°í°í,1
°í¹Ò,1
°í»ı,1
°ø°í,1
°øºÎ,1
°øÀ¯,1
±¦Âú¾Æ,1
±³È¯,1
±¸°æ,1
±¸±Û,1
±¸¸Å,1
±¸Çö,1
±¹°¡½ÃÇè,1
±×°Å,1
±×°Í,1
±×¶§,1
±×·¡µÎ,1
±×·¨À¸´Ï±ñ,1
±×·¯°Ô¤»¤»¤»,1
±×·¯´Ï±î¤»¤»,1
±×·±°¡ºÁ,1
±×·±°¡”g,1
±×·±°¡¤Ğ,1
±×·±°ÍJ¾Æ,1
±×·±°Í°°¾Ò,1
±×·¸Áö¤Ğ,1
±×Àü,1
±ÙÀ°,1
±ÙÁ¾,1
±Û·¯±Ã,1
±ÛÀÚ,1
±ÛÄï,1
±İ¹æ,1
±â´Ù¸®°Å,1
±â´Ù¸®°íÀÖ,1
±âÃÊ,1
±âÃâ,1
±èÄ¡,1
±î¸ÔÀ¸½Ã³ªºÁ¤Ğ,1
²¿ºÒ²¿,1
²ûÂï,1
³¡³»±¸¿Õ,1
³ª°¡±¸,1
³ª¸§,1
³ª¿Â°Å¸¸,1
³ªÀÌ,1
³ªÁß,1
³²ºÎ,1
³»°ú,1
³»¿ë,1
³»ÀÏ¸ª,1
³Ê¸ğ,1
³ë·Â,1
³î´Ù°¡¿Í¤¾,1
³ó±¸,1
´Ã°íÀÕµ¥¤Ğ,1
´É·ÂÀÚ,1
´Ê¾ú,1
´Ù³à¿Õ,1
´Ù´Ï°í½Ã½ÍÀº,1
´Ù¸¥µ¥°¡¼­¶óµµ,1
´Ù½Ã´ø¾È°ú,1
´Ù½Í¶Ç,1
´Ù¿î·Îµå,1
´Ù¿îÆßÇÏ°í,1
´ÙÀÌ,1
´Ü°è,1
´åÄÄ,1
µµ¿ò,1
µµÂøÇÑ°Í°°,1
µµÂøÇß¿À,1
µ·¹ö¸±°Í°°¾Æ¤Ğ,1
µ¹¾Æ°¡´Â±æ,1
µ¿±Ô¿Àºü¶û,1
µ¿¿µ»ó,1
µ¿ÀÏ,1
µÁ°í±â50,1
µÅµû,1
µÇ‚ ¤¾,1
µÎµå·¯,1
µè±¸¿Í¤»,1
µé±Ô°¥¼öÀÖ¾î,1
µéÀÌ,1
µş±âÇÁ¶óÇªÄ¡³ë,1
¶§¹®,1
¶¯±â¸é,1
¶óÀÌºê·¯¸®,1
·¯ºê,1
·±Å¸ÀÓ¿¡·¯,1
·¹ÀÌÀú,1
·Îµù,1
·Ôµ¥ÇÏÀÌ¸¶Æ®MS¿ÀÇÇ½º,1
¸®½ºÆ®,1
¸±·º½º,1
¸¶°¨µÇ,1
¸¶¸®,1
¸¶¹«¸®ÇÒ°Ô,1
¸¶¹ı,1
¸¶¿ì½º,1
¸¶ÀÌ´ŞÈş,1
¸¶ÀÌ¿£Á©,1
¸¶ÀÌÅ©·Î¼ÒÇÁÆ®,1
¸¶Á®,1
¸¶Áö¸·,1
¸¶Ãë,1
¸¶ÄÉÆÃ,1
¸·±¹,1
¸·¾Æ³õÀº°Å,1
¸¸µé±âh1,1
¸¸µé¾îÁÙ°í¾ä,1
¸¸µé¾îÁëµ­,1
¸¹ÀÌÀÚ°í,1
¸¹ÀÌÇÏ·¡,1
¸»ÇÏ±¸¿Í,1
¸À³­°Å,1
¸ÀÀÖ´Â°Å,1
¸Â¾î¸Â¾î,1
¸Å°¡,1
¸Å´º¾ó,1
¸Ó¸®Â¥¸£·¯¿Ó,1
¸Ó¸®Â¥¸£·¯¿Ô¾î,1
¸Ô°íÀÖ,1
¸Ô¾ú±¸,1
¸ÔÀ»°Å,1
¸ÔÀ»·¡,1
¸ÔÀğ,1
¸Õµ¥¤Ğ¤Ğ,1
¸ÚÀÖ¾îÁö°Ôµû,1
¸ÚÀïÀÌ,1
¸Ş¼¼Áö,1
¸Ş½ÃÁölabelbr,1
¸ŞÀÌºì,1
¸é¿ª·Â,1
¸é¿ª·Ç°í,1
¸ğ¾ÆµĞ°Å,1
¸ğÁı,1
¸ğÁı°ø°í,1
¸ñ¿ç³¯,1
¸ñÀû,1
¸ô¶ûÀÌ¸»¶ûÀÌ,1
¸øÇÑµ¥,1
¹«½¼±×,1
¹¬¹¬,1
¹¹¶ó°íÇØ,1
¹¹¾ß¸Ó¾ß¤Ğ¤Ğ¤Ğ¤Ğ,1
¹¹¾ß¤Ğ¤Ğ¤Ğ¤Ğ,1
¹¹Áö¤»¤»,1
¹º°¡,1
¹Ìµî·Ï½Ã,1
¹Ì¸®º¸±â,1
¹Î¼ö,1
¹Ù²¼µµ¤Ğ,1
¹Ùµ¥¸®,1
¹Ù·Î°¥²²,1
¹Ù·Î¿Í¤¾,1
¹Ù½º¹ö,1
¹Ş±¸¿Í,1
¹Ş±¸¿Í¤Ğ,1
¹Ş¾Æ³»¾ß°Ú,1
¹ŞÀº°Å,1
¹ß»ı,1
¹ß¼Û,1
¹ßÇ¥,1
¹ä¸Ô±¸ÀÖ¾î,1
¹åµ¥¸®°¡,1
¹æ±İ»¡°£ºÒ·Î,1
¹æ¹ı,1
¹è°íÆÎ,1
¹è°íÇÁÁö¤Ğ,1
¹è¿ï°Ô,1
¹é¿îºÀ,1
¹ö°Å¸¸,1
¹ö½º,1
¹ú½á,1
º¢²É,1
º¥Æ¼ÀÚ,1
º´¿ø,1
º´¿ø°¡¾ßÁö¸¸,1
º¸³»ÁÖ±î,1
º¸¶ó»ö,1
º½ÀÌ±¸,1
ºÁ¾ß°ì³×,1
ºÎÀå´Ô,1
ºĞ·ù,1
ºÙÀÓ4,1
ºñ½Á,1
ºñ½ÁÇÏ°Ô2,1
ºñÁÖ,1
ºü¸£,1
ºü¸£´ç,1
ºüÀÌÆÃ,1
¤µ¾î¼­,1
»ç¶÷¸¹¾Æ¼­,1
»ç¾÷,1
»çÀÌ,1
»ì°í¾ø¾î,1
»ïÀü,1
»ó´ã»ç,1
»óÀºÀÌ°¡,1
»óÇ°ÀÌ,1
»ı°¢,1
»ı¸®´ë,1
»ı¼º,1
¼­ºñ½º,1
¼­¿ï´ë,1
¼­Äª,1
¼±¹ß,1
¼±»ı´Ô,1
¼³Á¤,1
¼³Ä¡,1
¼¶À¯,1
¼ºÀû,1
¼¼°è,1
¼¼±Õ¼º,1
¼Òºñ,1
¼Ò½Å,1
¼Ò¿¬,1
¼Ó»óÇÏ¼Å¼»ÀüÈ­ÇÏ¼Ìµ¥,1
¼ö°­½ÅÃ»µµ¾Æ´Ï°í,1
¼ú¼ú¼ú,1
½¬±¸ÀÖ,1
½ºÅ©·Ñ,1
½ºÅ¸¹÷½º,1
½ºÅ¸¹÷½ºÅ×¼­,1
½ºÅÃ,1
½ºÅ×·ÎÀÌµå,1
½ºÇÁ¸µ,1
½½¶óÀÌµù,1
½Ã°¢,1
½Ã°£¸¹À¸´Ï±î,1
½ÅÀå,1
½ÅÃ»,1
½Ç±â,1
¾²´Â°Å,1
¾²¸éµÇ¤»,1
¾Ä±¸ÀÖ¾î,1
¾Æ³Ä¤Ì,1
¾Æ´ÑÁöµµ¤Ğ¤Ğ,1
¾Æ·¡,1
¾Æ½Î,1
¾ÆÀÌ½ºÅ©¸²,1
¾ÆÁ÷±î,1
¾ÆÇÁ´Ù´Â°Ç,1
¾È³ªºÀ,1
¾È³ª¿Â,1
¾È³ª¿Ô,1
¾È³µ³Ä°í,1
¾È³»2018,1
¾ÈµÇ°Ú´Ù¤Ğ,1
¾ÈµÇ°Úµû¤»,1
¾È¸Ô¾îµÎ,1
¾È¹°¾îºÃ¾î,1
¾Èº¸,1
¾Èº»µ¥¼­,1
¾È¾µ·¡¤»,1
¾È¿Â´Ù°í,1
¾È¿ÍµµµÈ´Ù°í,1
¾ÈÁØµ­,1
¾ÈÄÑ“Ş,1
¾Ë°Ú¾î¤¾,1
¾Ë¾ÆºÁ¾ßÁöÀÌ,1
¾àÁÙ°Å¶ó±¸,1
¾îµğ,1
¾îd³×,1
¾îº¹Àï,1
¾îÀÌÆäµå,1
¾ğ³Õ°¥²²,1
¾ğ´Ï,1
¾ğ¾î,1
¾ğÁ¨Áö,1
¾ó°Ú¿À,1
¾ó±¼,1
¾ó¸¶,1
¾÷¤¡¾î,1
¾ø°í¤»,1
¾ø±äÇØ,1
¾øÀ»°æ¿ì,1
¾ûµ¢ÀÌ,1
¿¡·¯,1
¿£µå,1
¿ª·®,1
¿µ±â¿Àºü¿Í¼­,1
¿µ±â¿À»¡¾Æ,1
¿¹¿Ü,1
¿À·¡°É¸®´ÂÁö,1
¿Àºü¤Ğ,1
¿À¿ì¤¾¤¾,1
¿ÀÄ«ÀÌ,1
¿ÀÇÈ,1
¿ÀÇÈ´Ü¾î,1
¿ÀÀ‰¤¡,1
¿Ã°Å¾ß,1
¿Ã¶ó¿À±âµµÇÑµ¥,1
¿Ã¶ó¿Ó,1
¿ÇÁö¾Ê¾Æ¤»¤»,1
¿ÍÀÌ,1
¿ŞÂÊ,1
¿õ¿õ¤¾¤¾,1
¿õ¿õ¤¾¤¾¤¾,1
¿õ¿õ¤Ğ,1
¿õ¤Ğ,1
¿öµå,1
¿öµå´¤©¶ó¿ì,1
¿ø·¡ÀÌ·±°Ç°¡¹Ù,1
¿øÀÎ,1
¿øÀÎºØ¸í,1
¿øÁÖ,1
¿øÁÖÀÖ,1
À¯ÀÇ,1
ÀÇ¹®,1
ÀÇ»ç,1
ÀÇ»ç¼±»õÀÓÀÌ,1
ÀÌ°Å,1
ÀÌ°Í,1
ÀÌ´ë¿ª¿¡¼­,1
ÀÌµû1ÇÒ,1
ÀÌ·ï¤Ì,1
ÀÌ¸¶Æ®,1
ÀÌ¹ÌÁö,1
ÀÌºÎ,1
ÀÌ»Ú,1
ÀÌ»ó,1
ÀÌ¾ß±â,1
ÀÌ¿ë,1
ÀÌÀ¯,1
ÀÌÁ¤¼÷,1
ÀÌÁ¦,1
ÀÌÁ­,1
ÀÎ½ºÅ¸±×·¥,1
ÀÎ¿ø,1
ÀÎÅÏ,1
ÀÏ¾î³µ¿Ë,1
ÀÏÁ¤,1
ÀÔÁ»,1
ÀÖ±äÇÑµ¥,1
ÀÖ´Ù¶ó´øµ¥,1
ÀÖ¾ú±¸³ª¤¾,1
ÀØ0,1
ÀÚµ¿Â÷,1
ÀÚ¹°¼è,1
ÀÚº¸,1
ÀÚ¼Ò¼­¾µ°Ô,1
ÀÚÀ²,1
Àßµè±¸¿Í,1
Àß¸ñ³ª¸é,1
Àßº¸±¸¿Í¤¾¤¾,1
ÀßÇŞ´Ù°í,1
ÀßÇß³ªº¸,1
ÀßÇß¿À,1
ÀáÀÌ¾È¿À³×,1
Àå³­¾Æ´Ï¾ß,1
Àç±Í,1
Àç¹Ì¾øÀ»°Í°°¾Æ¤Ğ,1
Àç¹Õ¿À,1
ÀçÆÇ,1
ÀïÅ»,1
Àú³á,1
Àû¿ë¸øÇÒ°Å¾ß,1
ÀüÀÚ,1
ÀüÈ­¹øÈ£Áá,1
ÀüÈ­ÁØ´Ù´Â°Ç°¡,1
Á¡½É,1
Á¢±Ù,1
Á¤½Å,1
Á¤Ã¥,1
Á¤Ã³,1
Á¤Ç°,1
Á¦Á¶,1
Á¦ÃâÁd¿À,1
Á¶½ÉÈ÷¿Í¾ßÇØ,1
Á¶Å©¸¶ÇÏ°Ô,1
Á»±×·±°¡¤»¤»,1
¡”¾Æ,1
¡•¾Æ,1
ÁÖ»ç,1
ÁÖ˜·¸Â¾Æ,1
Áßº¹,1
Áà¾ßÇØ©£<U+009F>,1
Áö±¸,1
Áö±×,1
Áö±×Àç±×,1
Áö±İ°¥±î,1
Áö¹æ,1
Áö»ç,1
Áö¼±,1
Áö¼Ó,1
ÁöÀ±´Ô,1
ÁöÁöÁöÁ÷,1
ÁöÇı,1
ÁöÇı0313,1
Á÷¿ø,1
Áø´Ü¼­,1
Áøµµ,1
ÁøÂ¥¾Æ¤Ğ,1
ÁıÄÛ,1
Â¥Áõ³ª¾Æ¾Æ¾Æ¤Ğ¤Ğ,1
Âî°³,1
Âî¼±ÀÌ,1
Âù¿ì,1
Âù¿ì¿Àºü´Â,1
Âü°¡,1
Ã£¾Æº¼°Ô,1
Ã¤¿ë,1
Ã¤Ç÷,1
ªyªy,1
ÃµÃµÈ÷¿Í,1
Ã»±¸,1
ÃÊ°ú,1
ÃÖ°í,1
ÃßÈÄ,1
Ãâ¹ß,1
ÃâÃ³,1
Ãæ°İ,1
ÃæÄ¡,1
Ãë¾÷³­,1
Ãô¹ß,1
®´Ù,1
Ä¡·á¹Ş±¸¿Í,1
Ä¡·áºñ,1
Ä¡ÁîÇÁ¶óÀÌÁî,1
ÄªÂù,1
Ä«µå,1
Ä«Åå¸øÇß´Ù,1
Ä«ÅåÇÏ°íÀÖ¾î¤Ğ,1
Ä®¶ó,1
Ä®¹Ù¶÷,1
ÄÚ·Î³ª¶§¹®,1
ÄÚ·Î³ª¶«¿¡,1
ÄÚ¾î,1
Å©·£º£¸®,1
Å©¸²,1
Å¬¶ó¿ìµå,1
Å¬·Î¹ö,1
Å°25ÀÚ¸®,1
Å¸±¸,1
ÅÀ¿À,1
ÅÃ½Ã,1
ÅÒºí·¯¿¡´Â,1
Å×½ºÆ®,1
ÅÛÇÃ¸´,1
Åä·Ğ,1
Åä½º´Ü¾î,1
ÅëÈ­Çß,1
Åõ°Ô´õ¿¡¼­,1
Åõ½æ¿¡,1
Æ¯°­,1
Æ¼¸Æ½º,1
Æ¼¸Æ½º¼ÒÇÁ,1
ÆÄÀÌ±×·¡ÇÁ¸¦,1
ÆÇ¸Å,1
ÆË¾÷,1
ÆĞµå,1
Æò°¡,1
Æò¿Â,1
Æ÷Åä,1
Æ÷Æ®Æú¸®¿À,1
Æ÷ÇÔÀÌ±äÇÏ´Ù,1
Æú´õzi,1
Æú¶ó·ÎÀÌµå,1
ÇÁ·Î±×·¥,1
ÇÁ·ÎÁ§Æ®,1
ÇÃ·§Æû,1
ÇÇºÎ¿°,1
ÇÇ»Ì°í,1
ÇÇÇØ,1
ÇÈ¼¿,1
ÇÊ±â,1
ÇÊ¼ö,1
¤¾¤¾¤¾³ªµµ¢¾,1
ÇÏ±¸¤»,1
ÇÏ´Ï±ñ,1
ÇÏ·ç,1
ÇÏÀğ,1
ÇÏÁö¸»·©,1
ÇÏÁö¤Ğ,1
ÇÑ±¹IBM,1
ÇÑµ¥,1
ÇÑ¹ø¾¿,1
ÇÑÁö,1
ÇÑÈ­,1
ÇÒ´ç,1
ÇÒ·¡,1
ÇÕ°İÇß,1
Ç×»ıÁ¦,1
ÇØ¸ÔÀ¸·Á°í,1
ÇØºÁ¹Ù,1
ÇØÁ¦,1
ÇÚµåÆù,1
ÇßµÎ¤Ğ,1
Çï½º,1
Ç÷°ü¿°,1
Ç÷°ü¿°¾Æ´Ï±¸,1
È£Ãâ,1
È£ÅÚ,1
È­ÀÌÆÃ¤¾¤¾¤¾,1
È­Àå½Ç,1
È®´ë,1
È®´ë±â,1
È¯ºÒÇÏ´Â,1
È¸Àü,1
È¾´Üº¸µµ,1
ÈÄ´Ù´Ú,1
¤Ğ¤Ğ°­»ç,1
¤Ğ¤Ğ¤Ğ¤Ğ¤Ğ,1
¤Ó²Á´ë¹«·Ö¶ó´Ï,1
¤Ó¤»¤»¤»¤»,1
